MLA,326659539,FERRETERIA JASPER,MLA752196932,Jaula Trampa Rata Ratón Laucha 30x13x13cm Jasper Caballito,MLA417939,Trampas para Ratas,$960
MLA,326659539,FERRETERIA JASPER,MLA864990501,Masilla Epoxi Parsecs 1 Kilo Bolsa  Artesano Jasper,MLA105406,Pegamentos,$1250
MLA,326659539,FERRETERIA JASPER,MLA745144476,Crema Adhesiva Epoxy Parsecs Gris 200 Grs Jasper Caballito,MLA105406,Pegamentos,$850
MLA,326659539,FERRETERIA JASPER,MLA782873940,Union Para Caño De Plomo Sin Soldar 1/2-1/2 Flotante Jasper,MLA431314,Acoples,$770
MLA,326659539,FERRETERIA JASPER,MLA786531660,"Manguera Para Transvasar Liquidos O Combustible 1,8mt Jasper",MLA430455,Mangueras para Combustible,$400
MLA,326659539,FERRETERIA JASPER,MLA807275263,Soga Elastica Tensor Con Gancho X 3 Unid Jasper Caballito,MLA384755,Sogas,$180
MLA,326659539,FERRETERIA JASPER,MLA807179118,Cinta Doble Faz 3m Vhb Uso Exterior 19 Mm X 5 Mts Jasper,MLA105436,Cintas Adhesivas,$1770
MLA,326659539,FERRETERIA JASPER,MLA884071199,Cinta Demarcatoria Autoadhesiva 48 Mm X 33 M Doble A Jasper,MLA352174,Cinta Antideslizante,$1050
MLA,326659539,FERRETERIA JASPER,MLA820228646,Juego De Pinzas Bruselas X 4 Precision Jasper Caballito,MLA412578,Pinzas de Punta,$350
MLA,326659539,FERRETERIA JASPER,MLA752120779,Suave Top Tira Fieltro Adhesivo 3cm X 1 Mt Jasper Caballito,MLA388817,Trapos y Paños de Limpieza,$390
MLA,326659539,FERRETERIA JASPER,MLA846079669,Tornillo Vialro Fix Dorado Madera 4 X 40 Mm Jasper,MLA372054,Tornillos,$737
MLA,326659539,FERRETERIA JASPER,MLA750458173,Masilla Epoxi Parsecs 500gr  Artesano Jasper Caballito,MLA105406,Pegamentos,$860
MLA,326659539,FERRETERIA JASPER,MLA875825258,Cinta Aisladora 3m 10 Mts 7 Colores Un Rollo De Cada Jasper,MLA422401,Cintas Aisladoras,$560
MLA,326659539,FERRETERIA JASPER,MLA869731406,Caja 144 Un Tiza Blanca No Toxica Escolar  Jasper,MLA413163,Tizas,$220
MLA,326659539,FERRETERIA JASPER,MLA769139626,Cinta Camuflada Con Adhesivo Geko 5cm X 10 Mt Italy Jasper,MLA422401,Cintas Aisladoras,$1020
MLA,326659539,FERRETERIA JASPER,MLA846213452,Tornillo Vialro Negro Madera Aguja 6 X 3/4 Jasper,MLA372054,Tornillos,$385
MLA,326659539,FERRETERIA JASPER,MLA741723110,Flotante A Presion 1/2 Bronce Regulable P/tanque Agua Jasper,MLA30982,Otros,$1590
MLA,326659539,FERRETERIA JASPER,MLA779980827,Timbre Inalambrico Sanderson A Pilas 36 Sonidos Jasper,MLA36551,Timbres,$1480
MLA,326659539,FERRETERIA JASPER,MLA869737481,Anteojos Seguridad Para Proteccion Transparente Libus Jasper,MLA393895,Anteojos y Antiparras,$220
MLA,326659539,FERRETERIA JASPER,MLA846079998,Tornillo Vialro Fix Dorado Madera 4.5 X 60 Mm Jasper,MLA372054,Tornillos,$1320
MLA,326659539,FERRETERIA JASPER,MLA741938548,Pinza Multiuso 6 Pulgadas X 2 Unidades Zeex Jasper Caballito,MLA412520,Otros,$850
MLA,326659539,FERRETERIA JASPER,MLA869730527,Caja 144 Un Tiza 6 Colores  Escolar Jasper,MLA413163,Tizas,$350
MLA,326659539,FERRETERIA JASPER,MLA752121168,Suave Top Banda Fieltro Autoadhesivo 9cm X 50cm Jasper,MLA388817,Trapos y Paños de Limpieza,$560
MLA,326659539,FERRETERIA JASPER,MLA784476430,Union Para Caño De Plomo Sin Soldar 3/4-3/4 Flotante Jasper,MLA431314,Acoples,$880
MLA,326659539,FERRETERIA JASPER,MLA753239507,Reloj Enchufable Programable Luces Riego Termotanque Jasper,MLA388861,Temporizadores,$820
MLA,326659539,FERRETERIA JASPER,MLA873344103,Zapatilla Prolongador 2 Tomas 4 Usb Inova Tm-03 Jasper,MLA411421,Alargues,$1450
MLA,326659539,FERRETERIA JASPER,MLA786530225,"Fresadora Para Griferia,canillas S3 1/2 Jasper Caballito",MLA372120,Fresas,$950
MLA,326659539,FERRETERIA JASPER,MLA821019894,Cepillo Acero Para Taladro Copa 75 Mm Duroll Jasper,MLA417174,Cepillos Rotativos,$250
MLA,326659539,FERRETERIA JASPER,MLA856106408,Burlete Goma Adhesivo Geko 6 Metros Modelo P Marron Jasper,MLA416677,Burletes,$450
MLA,326659539,FERRETERIA JASPER,MLA745143734,Crema Adhesiva Epoxy Parsecs Blanca 150 Grs Jasper Caballito,MLA105406,Pegamentos,$850
MLA,326659539,FERRETERIA JASPER,MLA898036432,Cutter Metalico Con Traba A Rueda 18mm Dorf Jasper,MLA413474,Cutters,$490
MLA,326659539,FERRETERIA JASPER,MLA875822809,Cinta Aisladora 3m 1550 20mt Temflex X5 Rollos Blanco Jasper,MLA422401,Cintas Aisladoras,$650
MLA,326659539,FERRETERIA JASPER,MLA846079618,Tornillo Vialro Fix Dorado Madera 4 X 25 Mm Jasper,MLA372054,Tornillos,$506
MLA,326659539,FERRETERIA JASPER,MLA741451617,"Caja De Inglete 29x7,5x5 Cm Algarrobo Anemi Jasper Caballito",MLA418080,Cajas de Ingletes,$1090
MLA,326659539,FERRETERIA JASPER,MLA821001111,Cepillo Acero Plano Eje Para Taladro 75 Mm Duroll Jasper,MLA417174,Cepillos Rotativos,$225
MLA,326659539,FERRETERIA JASPER,MLA846080763,Tornillo Vialro Fix Dorado Madera 4.5 X 40 Mm Jasper,MLA372054,Tornillos,$902
MLA,326659539,FERRETERIA JASPER,MLA846079602,Tornillo Vialro Fix Dorado Madera 4 X 20 Mm Jasper,MLA372054,Tornillos,$451
MLA,326659539,FERRETERIA JASPER,MLA883652581,Set Parrillero Broksol 5 Accesorios Parrilla Asado Jasper,MLA413405,Kits Parrilleros,$1950
MLA,326659539,FERRETERIA JASPER,MLA872515370,Alicate Corte Diagonal Irimo 624-160 Mm Jasper,MLA30798,Alicates,$1250
MLA,326659539,FERRETERIA JASPER,MLA757557391,Bahco 223 Pico De Loro 8 Pulgadas Jasper Caballito,MLA412583,Pinzas Pico de Loro,$1340
MLA,326659539,FERRETERIA JASPER,MLA884068480,Mascarilla Respirador 8511 C Valvula X 3 Unidades Jasper,MLA420242,Máscaras de Respiración,$1950
MLA,326659539,FERRETERIA JASPER,MLA846082109,Tornillo Vialro Fix Dorado Madera 5 X 50 Mm Jasper,MLA372054,Tornillos,$1386
MLA,326659539,FERRETERIA JASPER,MLA824724059,Espatula 300mm Goldblatt Durlock Construccion En Seco Jasper,MLA371991,Espátulas,$1290
MLA,326659539,FERRETERIA JASPER,MLA740723719,Pinza De Punta 160mm Bahco 2470g Aislada Jasper Caballito,MLA412578,Pinzas de Punta,$1680
MLA,326659539,FERRETERIA JASPER,MLA804080788,Soporte Pantalla Tv Lcd Fijo Noga 14 A 42 Pulgadas Jasper,MLA41925,Soportes,$890
MLA,326659539,FERRETERIA JASPER,MLA846227398,Tornillo Vialro Negro Madera Aguja 8 X 2   Jasper,MLA372054,Tornillos,$1045
MLA,326659539,FERRETERIA JASPER,MLA741706096,Flotante A Presion 1/2 Bronce Fijo P/tanque De Agua Jasper,MLA30982,Otros,$1400
MLA,326659539,FERRETERIA JASPER,MLA754873673,Boya Para Flotante De Presion 1 Pulgada Jasper Caballito,MLA30982,Otros,$320
MLA,326659539,FERRETERIA JASPER,MLA846197925,Tornillo Vialro Fix Dorado Madera 6 X 60 Mm Jasper,MLA372054,Tornillos,$2365
MLA,326659539,FERRETERIA JASPER,MLA821011267,Cepillo Acero P Taladro 25 Mm Descarbonizador Duroll Jasper,MLA417174,Cepillos Rotativos,$250
MLA,326659539,FERRETERIA JASPER,MLA845908140,Tornillo Tanque Mecha Zincado Azul Platil T1 8x1 Jasper,MLA372054,Tornillos,$946
MLA,326659539,FERRETERIA JASPER,MLA846059262,Tornillo Vialro Fix Dorado Madera 2.5 X 20 Mm Jasper,MLA372054,Tornillos,$297
MLA,326659539,FERRETERIA JASPER,MLA741726851,Flotante A Presion 3/4 Bronce Regulable P/tanque Agua Jasper,MLA30982,Otros,$1960
MLA,326659539,FERRETERIA JASPER,MLA864306451,Plancha Bifera Hierro 1 Hornalla 25 X 25 Cm Marca S3 Jasper,MLA78318,Biferas,$860
MLA,326659539,FERRETERIA JASPER,MLA747403225,Cinta Destapa Cañerias Acero El Abuelo 15mt Jasper Caballito,MLA31032,Sets de Accesorios,$2760
MLA,326659539,FERRETERIA JASPER,MLA846077782,Tornillo Vialro Fix Dorado Madera 3.5 X 25 Mm Jasper,MLA372054,Tornillos,$418
MLA,326659539,FERRETERIA JASPER,MLA846078392,Tornillo Vialro Fix Dorado Madera 3.5 X 35 Mm Jasper,MLA372054,Tornillos,$539
MLA,326659539,FERRETERIA JASPER,MLA846075549,Tornillo Vialro Fix Dorado Madera 3 X 30 Mm Jasper,MLA372054,Tornillos,$396
MLA,326659539,FERRETERIA JASPER,MLA846078682,Tornillo Vialro Fix Dorado Madera 3.5 X 30 Mm Jasper,MLA372054,Tornillos,$484
MLA,326659539,FERRETERIA JASPER,MLA781925339,Punzon Recto 3mm El Abuelo Mango Recubierto Jasper Caballito,MLA414196,Cinceles y Formones,$300
MLA,326659539,FERRETERIA JASPER,MLA779433565,Cinta Destapa Piletas Acero El Abuelo 10 Mt Jasper Caballito,MLA31032,Sets de Accesorios,$880
MLA,326659539,FERRETERIA JASPER,MLA762107578,Sierra Punta Widia Madera Aluminio 115mm X 30dientes Jasper ,MLA372119,Discos de Corte,$460
MLA,326659539,FERRETERIA JASPER,MLA756086073,Roldana Fundicion Albañil Ø 20 Cm C Gancho Jasper Caballito,MLA384754,Poleas,$1600
MLA,326659539,FERRETERIA JASPER,MLA846073527,Tornillo Vialro Fix Dorado Madera 3 X 25 Mm Jasper,MLA372054,Tornillos,$341
MLA,326659539,FERRETERIA JASPER,MLA753240749,Llave Ajustable Metz 6 Pulgadas Reforzada Jasper Caballito,MLA30831,Llaves,$830
MLA,326659539,FERRETERIA JASPER,MLA751429846,Escuadra Magnetica 3 Pulgadas 11kg Dogo Soldador Jasper,MLA392338,Escuadras Magnéticas,$470
MLA,326659539,FERRETERIA JASPER,MLA784580816,Pinza Para Arandelas Seguros Seger Interior Exterior Jasper,MLA30798,Alicates,$1130
MLA,326659539,FERRETERIA JASPER,MLA762120056,Disco Diamantado Liso 115mm 21% Hh Vidrio Azulejo  Jasper,MLA372119,Discos de Corte,$380
MLA,326659539,FERRETERIA JASPER,MLA846076559,Tornillo Vialro Fix Dorado Madera 3.5 X 16 Mm Jasper,MLA372054,Tornillos,$330
MLA,326659539,FERRETERIA JASPER,MLA778619967,Disco Muela Desbaste 115mm Duroll Hormigon Ceramica Jasper ,MLA372119,Discos de Corte,$3100
MLA,326659539,FERRETERIA JASPER,MLA762128638,Disco Diamantado Turbo 115mm 33% Hh Mosaico Marmol  Jasper,MLA372119,Discos de Corte,$650
MLA,326659539,FERRETERIA JASPER,MLA821011820,Cepillo Acero P Taladro 30 Mm Descarbonizador Duroll Jasper,MLA417174,Cepillos Rotativos,$320
MLA,326659539,FERRETERIA JASPER,MLA846197310,Tornillo Vialro Fix Dorado Madera 6 X 70 Mm Jasper,MLA372054,Tornillos,$2706
MLA,326659539,FERRETERIA JASPER,MLA807689922,Cinta Doble Faz 3m Espuma Blanca 16mm X 1mts Interior Jasper,MLA105436,Cintas Adhesivas,$220
MLA,326659539,FERRETERIA JASPER,MLA741899754,Juego Mechas Copa Madera Zeex X 16 Piezas Jasper Caballito,MLA372115,Mechas,$2550
MLA,326659539,FERRETERIA JASPER,MLA863772052,Cinta Pasacables Acero El Abuelo 10 Metros Jasper Caballito,MLA411422,Medidores,$670
MLA,326659539,FERRETERIA JASPER,MLA787216037,Llana Plastica Lisa Santa Juana Revestimiento 12x25 Jasper  ,MLA429026,Llanas y Fratachos,$550
MLA,326659539,FERRETERIA JASPER,MLA762127767,Disco Diamantado Liso 115mm 33% Hh Vidrio Azulejo  Jasper,MLA372119,Discos de Corte,$550
MLA,326659539,FERRETERIA JASPER,MLA762227148,Disco Diamantado Liso 115mm Fino 72% Hh Porcelanato Jasper,MLA372119,Discos de Corte,$1300
MLA,326659539,FERRETERIA JASPER,MLA884641111,Cinta Destapa Cañeria Plastico S3 5 Mts Jasper Caballito,MLA31032,Sets de Accesorios,$600
MLA,326659539,FERRETERIA JASPER,MLA748132977,Black Jack Mecha Copa Diamantada Vidrioymármol 8mm Jasper,MLA372115,Mechas,$350
MLA,326659539,FERRETERIA JASPER,MLA807695624,Cinta Doble Faz 3m Espuma Blanca 24mm X 5mts Interior Jasper,MLA105436,Cintas Adhesivas,$890
MLA,326659539,FERRETERIA JASPER,MLA804446740,Cortahierro Ancho 9 Cms Con Proteccion Art Jasper Caballito,MLA414196,Cinceles y Formones,$1280
MLA,326659539,FERRETERIA JASPER,MLA783538952,Tenaza Carpintero 8 Pulgadas Black Jack Jasper Caballito,MLA412605,Tenazas,$1040
MLA,326659539,FERRETERIA JASPER,MLA804445601,Cortahierro Ancho 6 Cms Con Proteccion Art Jasper Caballito,MLA414196,Cinceles y Formones,$1030
MLA,326659539,FERRETERIA JASPER,MLA762127156,Disco Diamantado Turbo 115mm 21% Hh Marmoles Granito Jasper,MLA372119,Discos de Corte,$550
MLA,326659539,FERRETERIA JASPER,MLA781925066,Punzon Recto 2mm El Abuelo Mango Recubierto Jasper Caballito,MLA414196,Cinceles y Formones,$290
MLA,326659539,FERRETERIA JASPER,MLA856108009,Burlete Goma Adhesivo Geko 6 Metros Modelo E Marron Jasper,MLA416677,Burletes,$450
MLA,326659539,FERRETERIA JASPER,MLA783637556,Bahco Alicate Corte Lateral 2175-160 Mm Jasper Caballito,MLA30798,Alicates,$1580
MLA,326659539,FERRETERIA JASPER,MLA740715760,Bahco Alicate Corte Lateral 2175-140 Mm Jasper Caballito,MLA30798,Alicates,$1360
MLA,326659539,FERRETERIA JASPER,MLA784592524,Punzon Recto 6mm El Abuelo Mango Recubierto Jasper Caballito,MLA414196,Cinceles y Formones,$390
MLA,326659539,FERRETERIA JASPER,MLA752645986,Black Jack Extractor De Tornillos Set X 5 (1-5)  O610 Jasper,MLA416797,Extractores de Tornillo,$720
MLA,326659539,FERRETERIA JASPER,MLA784592249,Punzon Recto El Abuelo 5mm Mango Recubierto Jasper Caballito,MLA414196,Cinceles y Formones,$350
MLA,326659539,FERRETERIA JASPER,MLA872491740,Tijera Poda 8 Curva Zeex Mango Forrado Jasper,MLA411912,Tijeras de Podar,$900
MLA,326659539,FERRETERIA JASPER,MLA748143926,Serrucho De Poda 150mm Durlock Black Jack Jasper Caballito,MLA48897,Serruchos,$760
MLA,326659539,FERRETERIA JASPER,MLA880323453,Set 7 Piezas Mecha Acero Rapido Ezeta 2-3-4-5-6-7-8mm Jasper,MLA372115,Mechas,$1995
MLA,326659539,FERRETERIA JASPER,MLA846074384,Tornillo Vialro Fix Dorado Madera 3.5 X 20 Mm Jasper,MLA372054,Tornillos,$374
MLA,326659539,FERRETERIA JASPER,MLA762435480,Martillo Bolita Labor 500 Grs Cabo Madera Jasper Caballito,MLA372003,Martillos,$750
MLA,326659539,FERRETERIA JASPER,MLA878093976,Martillo Galponero Tramontina Cabo Madera Saca Clavos Jasper,MLA372003,Martillos,$1150
MLA,326659539,FERRETERIA JASPER,MLA781925563,Punzon Recto 4mm El Abuelo Mango Recubierto Jasper Caballito,MLA414196,Cinceles y Formones,$310
MLA,326659539,FERRETERIA JASPER,MLA805517286,Espatula 100mm Goldblatt Durlock Construccion En Seco Jasper,MLA371991,Espátulas,$995
MLA,326659539,FERRETERIA JASPER,MLA807690766,Cinta Doble Faz 3m Espuma Blanca 24mm X 2mts Interior Jasper,MLA105436,Cintas Adhesivas,$420
MLA,326659539,FERRETERIA JASPER,MLA751431725,Escuadra Magnetica 5 Pulgadas 34 Kg Dogo Soldador Jasper,MLA392338,Escuadras Magnéticas,$990
MLA,326659539,FERRETERIA JASPER,MLA787216184,Llana Plastica Lisa Santa Juana Revestimiento 12x30 Jasper  ,MLA429026,Llanas y Fratachos,$580
MLA,326659539,FERRETERIA JASPER,MLA846082898,Tornillo Vialro Fix Dorado Madera 5 X 35 Mm Jasper,MLA372054,Tornillos,$1045
MLA,326659539,FERRETERIA JASPER,MLA762227466,Disco Diamantado Turbo 115mm Fino 72% Hh Porcelanato Jasper,MLA372119,Discos de Corte,$1500
MLA,326659539,FERRETERIA JASPER,MLA919409146,Spot Embutir Led Philips Blanco Neutro 4000k 5w Jasper,MLA1588,Lámparas de Techo,$850
MLA,326659539,FERRETERIA JASPER,MLA846080611,Tornillo Vialro Fix Dorado Madera 4.5 X 25 Mm Jasper,MLA372054,Tornillos,$649
MLA,326659539,FERRETERIA JASPER,MLA862799407,Juego X 3 Pinza De Fuerza Zeex Jasper Caballito,MLA412520,Otros,$2450
MLA,326659539,FERRETERIA JASPER,MLA846080433,Tornillo Vialro Fix Dorado Madera 5 X 30 Mm Jasper,MLA372054,Tornillos,$946
MLA,326659539,FERRETERIA JASPER,MLA740293459,Bahco Tenaza Carpintero 541d-150mm Jasper Caballito,MLA412605,Tenazas,$1140
MLA,326659539,FERRETERIA JASPER,MLA783640135,Espatula 75mm Goldblatt Durlock Construccion En Seco Jasper,MLA371991,Espátulas,$860
MLA,326659539,FERRETERIA JASPER,MLA820232578,Tijera Pelacables Para Electricista Tolsen Jasper Caballito,MLA412577,Pinzas Pelacables,$1000
MLA,326659539,FERRETERIA JASPER,MLA750565339,Marcador De Polvo Chocla Tira Lineas X 30m Black Jack Jasper,MLA30756,Otros,$820
MLA,326659539,FERRETERIA JASPER,MLA753243702,Pico De Loro Metz 10 Pulgadas Reforzada Jasper Caballito,MLA412583,Pinzas Pico de Loro,$1490
MLA,326659539,FERRETERIA JASPER,MLA851770356,Cadena Cementada Seguridad Nº90 X 70 Cm Jasper Caballito,MLA420073,Cadenas de Seguridad,$1710
MLA,326659539,FERRETERIA JASPER,MLA846197742,Tornillo Vialro Fix Dorado Madera 6 X 50 Mm Jasper,MLA372054,Tornillos,$2002
MLA,326659539,FERRETERIA JASPER,MLA846078709,Tornillo Vialro Fix Dorado Madera 4 X 16 Mm Jasper,MLA372054,Tornillos,$385
MLA,326659539,FERRETERIA JASPER,MLA878182018,Escuadra Acero Inox Con Base Aluminio 25 Cm Tolsen Jasper,MLA429734,Escuadras de Precisión,$1200
MLA,326659539,FERRETERIA JASPER,MLA846078996,Tornillo Vialro Fix Dorado Madera 4.5 X 35 Mm Jasper,MLA372054,Tornillos,$781
MLA,326659539,FERRETERIA JASPER,MLA804455357,Pinza Crimpeadora Rj9 Rj11 Rj 45 + Pelacables B Jackjasper,MLA412520,Otros,$2580
MLA,326659539,FERRETERIA JASPER,MLA846083072,Tornillo Vialro Fix Dorado Madera 5 X 40 Mm Jasper,MLA372054,Tornillos,$1188
MLA,326659539,FERRETERIA JASPER,MLA820233193,Cortahierro Ancho 2 Cms Con Proteccion Art Jasper Caballito,MLA414196,Cinceles y Formones,$760
MLA,326659539,FERRETERIA JASPER,MLA864305648,Plancha Bifera Hierro Para 2 Hornallas Con Tapa S3 Jasper,MLA78318,Biferas,$3300
MLA,326659539,FERRETERIA JASPER,MLA741727929,Flotante A Presión 1   Bronce Regulable P/tanque Agua Jasper,MLA30982,Otros,$2360
MLA,326659539,FERRETERIA JASPER,MLA846080821,Tornillo Vialro Fix Dorado Madera 4.5 X 45 Mm Jasper,MLA372054,Tornillos,$968
MLA,326659539,FERRETERIA JASPER,MLA762115562,Disco Corte Magico Para Metales 115mm Max Rendimiento Jasper,MLA372119,Discos de Corte,$1800
MLA,326659539,FERRETERIA JASPER,MLA745271748,Boquilla 32 Mm Termofusion Teflonada S3 Jasper Caballito,MLA322824,Termofusoras,$800
MLA,326659539,FERRETERIA JASPER,MLA741942469,Prensa G Profesional 3 Pulgadas 75mm Zeex Jasper Caballito,MLA412454,Prensas Sargento,$910
MLA,326659539,FERRETERIA JASPER,MLA846078929,Tornillo Vialro Fix Dorado Madera 4.5 X 20 Mm Jasper,MLA372054,Tornillos,$561
MLA,326659539,FERRETERIA JASPER,MLA919143971,Rodillo Saca Pelusas Tekbond 60hojas X 3 Unidades Jasper,MLA127693,Cepillos de Limpieza,$1350
MLA,326659539,FERRETERIA JASPER,MLA745271563,Boquilla 25 Mm Termofusion Teflonada S3 Jasper Caballito,MLA322824,Termofusoras,$670
MLA,326659539,FERRETERIA JASPER,MLA875823879,Cinta Aisladora 3m 1550 10 Mts X 10 Rollos Blanco Jasper,MLA422401,Cintas Aisladoras,$800
MLA,326659539,FERRETERIA JASPER,MLA821009316,Cepillo Acero P Taladro 16 Mm Descarbonizador Duroll Jasper,MLA417174,Cepillos Rotativos,$200
MLA,326659539,FERRETERIA JASPER,MLA846084057,Tornillo Vialro Fix Dorado Madera 5 X 60 Mm Jasper,MLA372054,Tornillos,$1650
MLA,326659539,FERRETERIA JASPER,MLA762126517,Disco Diamantado Laser 115mm 21% Hh Baldosa Cemento Jasper,MLA372119,Discos de Corte,$430
MLA,326659539,FERRETERIA JASPER,MLA883652369,Pala Plegable Broksol Grande Con Funda Pal 01 Jasper,MLA18390,Otros Accesorios,$2350
MLA,326659539,FERRETERIA JASPER,MLA753242184,Llave Ajustable Metz 10 Pulgadas Reforzada Jasper Caballito,MLA30831,Llaves,$1530
MLA,326659539,FERRETERIA JASPER,MLA767698389,Black Jack Mecha Copa Diamantada Vidrioymármol 10mm Jasper,MLA372115,Mechas,$350
MLA,326659539,FERRETERIA JASPER,MLA750363704,Tijera Corta Tubo Profesional Tawak Apto Sigas Termof Jasper,MLA414156,Tijeras Cortatubos,$1950
MLA,326659539,FERRETERIA JASPER,MLA845692605,Tornillo Tanque Mecha Zincado Azul Platil T1 8x3/4 Jasper,MLA372054,Tornillos,$836
MLA,326659539,FERRETERIA JASPER,MLA754873246,Boya Para Flotante De Presion 1/2 Pulgada Jasper Caballito,MLA30982,Otros,$250
MLA,326659539,FERRETERIA JASPER,MLA782112374,Pinza De Punta Curva Irimo 200mm  Jasper Caballito,MLA412578,Pinzas de Punta,$1530
MLA,326659539,FERRETERIA JASPER,MLA818950417,Cinta Métrica Agrimensor Fibra 30 Metros Jasper Caballito,MLA413985,Cintas Métricas,$1530
MLA,326659539,FERRETERIA JASPER,MLA745271112,Boquilla 20 Mm Termofusion Teflonada S3 Jasper Caballito,MLA322824,Termofusoras,$590
MLA,326659539,FERRETERIA JASPER,MLA783538731,Tenaza Carpintero 7 Pulgadas Black Jack Jasper Caballito,MLA412605,Tenazas,$900
MLA,326659539,FERRETERIA JASPER,MLA762093834,Sierra Punta Widia Madera Aluminio 115mm X 24dientes Jasper ,MLA372119,Discos de Corte,$380
MLA,326659539,FERRETERIA JASPER,MLA804529743,Pinza Pelacable Automatica Hasta 2.5  Black Jack B168 Jasper,MLA412577,Pinzas Pelacables,$1060
MLA,326659539,FERRETERIA JASPER,MLA846232266,Tornillo Vialro Negro Metal Aguja T2 6 X 1 Jasper,MLA372054,Tornillos,$473
MLA,326659539,FERRETERIA JASPER,MLA783639600,Espatula 40mm Goldblatt Durlock Construccion En Seco Jasper,MLA371991,Espátulas,$690
MLA,326659539,FERRETERIA JASPER,MLA874155647,Cuchillo Bahco 2446 C/funda Especial Caza Y Pesca Jasper,MLA416695,Navajas y Cuchillos,$1280
MLA,326659539,FERRETERIA JASPER,MLA741451929,Black Jack Caja De Inglete Plástica 45 Y 90 Grados Jasper,MLA418080,Cajas de Ingletes,$390
MLA,326659539,FERRETERIA JASPER,MLA846235704,Tornillo Vialro Negro Metal Aguja T4 6 X 2 1/4 Jasper,MLA372054,Tornillos,$880
MLA,326659539,FERRETERIA JASPER,MLA748149812,Pesca Tornillo Imantado Flexible 60cm Black Jack Jasper,MLA429230,Bandejas Imantadas,$1030
MLA,326659539,FERRETERIA JASPER,MLA745248502,Terraja 3/4 Para Roscar Polipropileno S3 Jasper Caballito,MLA431295,Terrajas,$360
MLA,326659539,FERRETERIA JASPER,MLA757668483,Irimo Destornillador Largo Crique + Puntas Jasper Caballito,MLA372030,Sets de Destornilladores,$1820
MLA,326659539,FERRETERIA JASPER,MLA775843393,Cortahierro El Abuelo 10mm X 150mm Mango Recubierto Jasper,MLA414196,Cinceles y Formones,$400
MLA,326659539,FERRETERIA JASPER,MLA741901334,Juego Mechas Copa Madera Zeex X 11 Piezas Jasper Caballito,MLA372115,Mechas,$1300
MLA,326659539,FERRETERIA JASPER,MLA750625142,Falsa Escuadra Regulable Tolsen 250mm Jasper Caballito,MLA429734,Escuadras de Precisión,$400
MLA,326659539,FERRETERIA JASPER,MLA741504174,Cadena Cementada Seguridad Nº50 X 100 Cm Jasper Caballito,MLA416574,Cadenas de Seguridad,$780
MLA,326659539,FERRETERIA JASPER,MLA756250833,Pinza Multiuso Grip 9  Zeex Plastica Super Reforzada Jasper,MLA412520,Otros,$700
MLA,326659539,FERRETERIA JASPER,MLA761604230,Soplete Techista Aligas Con Manguera P Garrafa 10k  Jasper,MLA371997,Sopletes,$1650
MLA,326659539,FERRETERIA JASPER,MLA845689873,Tornillo Tanque Mecha Zincado Azul Platil T1 8x1/2 Jasper,MLA372054,Tornillos,$748
MLA,326659539,FERRETERIA JASPER,MLA845927281,Tornillo Tanque Aguja Zincado Azul Platil T1 8x1/2 Jasper,MLA372054,Tornillos,$605
MLA,326659539,FERRETERIA JASPER,MLA845917625,Tornillo Tanque Mecha Zincado Azul Platil T1 8x1 1/2 Jasper,MLA372054,Tornillos,$1265
MLA,326659539,FERRETERIA JASPER,MLA741943619,Prensa G Profesional 4 Pulgadas 100mm Zeex Jasper Caballito,MLA412454,Prensas Sargento,$1390
MLA,326659539,FERRETERIA JASPER,MLA740385291,Irimo Destornillador  Crique + 12 Puntas 475r-1/4-30 Jasper,MLA372030,Sets de Destornilladores,$1580
MLA,326659539,FERRETERIA JASPER,MLA845917181,Tornillo Tanque Mecha Zincado Azul Platil T1 8x1 1/4 Jasper,MLA372054,Tornillos,$1078
MLA,326659539,FERRETERIA JASPER,MLA846227793,Tornillo Vialro Negro Madera Aguja 8 X 2 1/2 Jasper,MLA372054,Tornillos,$1298
MLA,326659539,FERRETERIA JASPER,MLA846220045,Tornillo Vialro Negro Madera Aguja 8 X 1 1/2 Jasper,MLA372054,Tornillos,$836
MLA,326659539,FERRETERIA JASPER,MLA762113273,Reemplazo Sierra Widia Termita 115mm Madera Con Clavo Jasper,MLA372119,Discos de Corte,$1200
MLA,326659539,FERRETERIA JASPER,MLA753241695,Llave Ajustable Metz 12 Pulgadas Reforzada Jasper Caballito,MLA30831,Llaves,$2300
MLA,326659539,FERRETERIA JASPER,MLA750565804,Black Jack Destornillador Múltiple 10 En 1 Con Crique Jasper,MLA372030,Sets de Destornilladores,$710
MLA,326659539,FERRETERIA JASPER,MLA804086388,Soporte Pantalla Tv Lcd Fijo Noga 32 A 72 Pulgadas Jasper,MLA41925,Soportes,$1600
MLA,326659539,FERRETERIA JASPER,MLA775845432,Cortahierro El Abuelo 16mm X 170mm Mango Recubierto Jasper,MLA414196,Cinceles y Formones,$710
MLA,326659539,FERRETERIA JASPER,MLA757496781,Cuchillo Bahco 1446 C Funda Rigida Plastica Jasper Caballito,MLA416695,Navajas y Cuchillos,$1000
MLA,326659539,FERRETERIA JASPER,MLA800739102,Pinza De Punta 200 Mm Irimo By Bahco Jasper Caballito,MLA412578,Pinzas de Punta,$1440
MLA,326659539,FERRETERIA JASPER,MLA864304618,Plancha Bifera Hierro 1 Hornalla 25x25 Cm Con Tapa S3 Jasper,MLA78318,Biferas,$1720
MLA,326659539,FERRETERIA JASPER,MLA846234702,Tornillo Vialro Negro Metal Aguja T4 6 X 2 1/2 Jasper,MLA372054,Tornillos,$990
MLA,326659539,FERRETERIA JASPER,MLA782243338,Kit Terrajas 1/2-3/4-1  Para Ppn Marca S3 Una De Cada Jasper,MLA392339,Boquillas,$1080
MLA,326659539,FERRETERIA JASPER,MLA898036835,Barbijo 3m Mascarilla 9820 Plegable X 3 Unidades  Jasper,MLA420244,Barbijos Antipolvo,$750
MLA,326659539,FERRETERIA JASPER,MLA767995409,Cinta Destapa Cañeria Plastico S3 10 Mts Jasper Caballito,MLA31032,Sets de Accesorios,$800
MLA,326659539,FERRETERIA JASPER,MLA877269301,Mascarilla 3m Mod 8720 X 3 Unidades Ferreteria Jasper,MLA420244,Barbijos Antipolvo,$1500
MLA,326659539,FERRETERIA JASPER,MLA784103074,Cinta Pasacables Acero El Abuelo 25 Metros Jasper Caballito,MLA411422,Medidores,$1140
MLA,326659539,FERRETERIA JASPER,MLA759060270,Cinta Pasacables De Acero El Abuelo 15 Metros Jasper,MLA411422,Medidores,$810
MLA,326659539,FERRETERIA JASPER,MLA766290766,Cinta Pasacables De Acero El Abuelo 20 Mts Jasper Caballito,MLA411422,Medidores,$890
MLB,244066576,REISHOPPING0610,MLB1689122959,Caixa Máscara Hospitalar 50 Unid. Tripla Proteção C/ Ajuste.,MLB270214,Máscaras Cirúrgicas,R$28.99
MLB,244066576,REISHOPPING0610,MLB1699761095,Caixa De Máscara Descartável Kit 50 Unid. Hospitalar Branca,MLB270214,Máscaras Cirúrgicas,R$26.99
